{"Spiel: 8x8 mit 10 Minen": [13.900606155395508, 15.445277214050293, 17.522071599960327, 18.440941095352173, 44.660138845443726], "Spiel: 16x16 mit 40 Minen": [35.346094846725464], "Spiel: 10x10 mit 5 Minen": [20.200481176376343], "Spiel: 30x30 mit 149 Minen": [68.56773447990417], "Spiel: 1x20 mit 1 Minen": [4.92901611328125, 6.5746681690216064, 8.30807614326477], "Spiel: 12x21 mit 22 Minen": [7.434672117233276, 7.8245813846588135], "Spiel: 12x12 mit 12 Minen": [16.100586891174316, 24.620951652526855, 28.550124883651733]}